Date,Open,High,Low,Close,Volume
1/11/2016,193.009995,193.410004,189.820007,192.110001,187941300
1/12/2016,193.820007,194.550003,191.139999,193.660004,172330500
1/13/2016,194.449997,194.860001,188.380005,188.830002,221168900
1/14/2016,189.550003,193.259995,187.660004,191.929993,240795600
1/15/2016,186.770004,188.759995,185.520004,187.809998,324846400
1/19/2016,189.960007,190.110001,186.199997,188.059998,195244400
1/20/2016,185.029999,187.5,181.020004,185.649994,286547800
1/21/2016,186.210007,188.869995,184.639999,186.690002,195772900
1/22/2016,189.779999,190.759995,188.880005,190.520004,168319600
1/25/2016,189.919998,190.149994,187.410004,187.639999,130371700
1/26/2016,188.419998,190.529999,188.020004,190.199997,141036800
1/27/2016,189.580002,191.559998,187.059998,188.130005,185681700
1/28/2016,189.960007,190.199997,187.160004,189.110001,143798800
1/29/2016,190.020004,193.880005,189.880005,193.720001,210529300
2/1/2016,192.529999,194.580002,191.839996,193.649994,136061600
2/2/2016,191.960007,191.970001,189.539993,190.160004,182564900
2/3/2016,191.410004,191.779999,187.100006,191.300003,205054900
2/4/2016,190.710007,192.75,189.960007,191.600006,139531800
2/5/2016,190.990005,191.669998,187.199997,187.949997,180788300
2/8/2016,185.770004,186.119995,182.800003,185.419998,191526700
2/9/2016,183.360001,186.940002,183.199997,185.429993,184513100
2/10/2016,186.410004,188.339996,185.119995,185.270004,148214100
2/11/2016,182.339996,184.100006,181.089996,182.860001,219058900
2/12/2016,184.960007,186.649994,183.960007,186.630005,127632400
2/16/2016,188.770004,189.809998,187.630005,189.779999,120250700
2/17/2016,191.160004,193.320007,191.009995,192.880005,136009500
2/18/2016,193.199997,193.270004,191.720001,192.089996,102343000
2/19/2016,191.169998,192.179993,190.449997,192,114793000
2/22/2016,193.869995,194.949997,193.789993,194.779999,103640300
2/23/2016,194,194.320007,192.179993,192.320007,111455300
2/24/2016,190.630005,193.529999,189.320007,193.199997,150812200
2/25/2016,193.729996,195.550003,192.830002,195.539993,110728300
2/26/2016,196.570007,196.679993,194.899994,195.089996,129833700
2/29/2016,195.110001,196.229996,193.330002,193.559998,125918100
3/1/2016,195.009995,198.210007,194.449997,198.110001,141799700
3/2/2016,197.740005,199.059998,197.25,199,102415000
3/3/2016,198.789993,199.800003,198.110001,199.779999,95172200
3/4/2016,200.009995,201.350006,199.029999,200.429993,129293600
3/7/2016,199.339996,201.070007,199.25,200.589996,100219000
3/8/2016,199.320007,199.919998,198.210007,198.399994,123974900
3/9/2016,199.360001,199.789993,198.429993,199.380005,94801200
3/10/2016,199.960007,201.070007,197.380005,199.539993,156838700
3/11/2016,201.259995,202.809998,199.520004,202.759995,137964500
3/14/2016,202.160004,203.039993,201.770004,202.5,73612000
3/15/2016,201.360001,202.529999,201.050003,202.169998,93169100
3/16/2016,201.600006,203.820007,201.550003,203.339996,129303200
3/17/2016,203.240005,205.229996,202.770004,204.630005,134278500
3/18/2016,204.169998,204.779999,203.800003,204.380005,138372400
3/21/2016,204.070007,204.940002,203.800003,204.669998,72926700
3/22/2016,203.759995,205.229996,203.570007,204.559998,97471900
3/23/2016,204.110001,204.330002,203.009995,203.210007,81052500
3/24/2016,202,203.160004,201.740005,203.119995,84360900
3/28/2016,203.610001,203.860001,202.710007,203.240005,62408200
3/29/2016,202.759995,205.25,202.399994,205.119995,92922900
3/30/2016,206.300003,206.869995,205.589996,206.020004,86365300
3/31/2016,205.910004,206.410004,205.330002,205.520004,94584100
4/1/2016,204.350006,207.139999,203.979996,206.919998,114423500
4/4/2016,206.830002,207.070007,205.889999,206.25,63497000
4/5/2016,204.669998,206.259995,203.889999,204.190002,99662200
4/6/2016,204.190002,206.490005,203.979996,206.419998,91839800
4/7/2016,205.139999,205.559998,203.089996,203.949997,113859000
4/8/2016,205.339996,205.850006,203.869995,204.5,95040600
4/11/2016,205.25,206.070007,203.910004,204.020004,83757500
4/12/2016,204.220001,206.25,203.699997,205.919998,115350600
4/13/2016,207,208.100006,206.839996,208,96336400
4/14/2016,208.070007,208.600006,207.600006,208.009995,65212900
4/15/2016,208.009995,208.169998,207.399994,207.779999,75761600
4/18/2016,207.779999,209.279999,207,209.240005,82531000
4/19/2016,209.740005,210.199997,208.940002,209.899994,88316100
4/20/2016,209.949997,210.919998,209.389999,210.100006,81100300
4/21/2016,210.119995,210.25,208.649994,208.970001,85695000
4/22/2016,208.550003,209.289993,207.910004,208.970001,99251700
4/25/2016,208.259995,208.660004,207.539993,208.610001,66166500
4/26/2016,209.039993,209.520004,208.360001,208.919998,75864200
4/27/2016,208.470001,209.809998,208.050003,209.350006,77329400
4/28/2016,208.460007,209.759995,206.960007,207.449997,97216200
4/29/2016,206.720001,207.130005,205.029999,206.330002,142424100
5/2/2016,206.919998,208.179993,206.410004,207.970001,62188000
5/3/2016,206.520004,206.800003,205.279999,206.160004,106422100
5/4/2016,204.990005,205.850006,204.419998,205.009995,92243800
5/5/2016,205.559998,205.979996,204.470001,204.970001,67619200
5/6/2016,204.059998,205.770004,203.880005,205.720001,89315000
5/9/2016,205.570007,206.399994,205.360001,205.889999,74374900
5/10/2016,206.720001,208.470001,206.639999,208.449997,77472200
5/11/2016,207.910004,208.539993,206.5,206.5,81727000
5/12/2016,207.289993,207.490005,205.369995,206.559998,89586300
5/13/2016,206.210007,206.860001,204.380005,204.759995,96474600
5/16/2016,204.960007,207.339996,204.889999,206.779999,77486800
5/17/2016,206.460007,206.800003,204.229996,204.850006,114924900
5/18/2016,204.440002,206.300003,203.630005,204.910004,120062100
5/19/2016,204.059998,204.539993,202.779999,204.199997,115430500
5/20/2016,204.919998,206.100006,204.860001,205.490005,104990400
5/23/2016,205.509995,205.839996,204.990005,205.210007,58682600
5/24/2016,206.169998,208.240005,206.139999,207.869995,93537800
5/25/2016,208.669998,209.770004,207.869995,209.279999,76621400
5/26/2016,209.440002,209.710007,208.970001,209.339996,55280700
5/27/2016,209.529999,210.25,209.470001,210.240005,64211200
5/31/2016,210.559998,210.690002,209.179993,209.839996,109879400
6/1/2016,209.119995,210.479996,208.889999,210.270004,69936200
6/2/2016,209.800003,210.929993,209.240005,210.910004,63044700
6/3/2016,210.25,210.690002,208.860001,210.279999,101757100
6/6/2016,210.699997,211.770004,210.509995,211.350006,64887000
6/7/2016,211.529999,212.339996,211.5,211.679993,60974800
6/8/2016,211.839996,212.520004,211.690002,212.369995,66170900
6/9/2016,211.509995,212.220001,211.190002,212.080002,73786900
6/10/2016,210.460007,210.860001,209.429993,210.070007,113829200
6/13/2016,209.360001,210.369995,208.350006,208.449997,117751200
6/14/2016,208,208.740005,206.919998,208.039993,125059300
6/15/2016,208.039993,209.360001,207.529999,207.75,109124500
6/16/2016,207.75,208.570007,205.589996,208.369995,149533100
6/17/2016,207.169998,207.199997,205.75,206.520004,117055700
6/20/2016,208.820007,209.610001,207.75,207.850006,82789600
6/21/2016,208.300003,208.919998,207.779999,208.440002,72461700
6/22/2016,208.649994,209.5,207.929993,208.100006,95560500
6/23/2016,209.809998,210.869995,209.270004,210.809998,102731400
6/24/2016,203.630005,210.850006,202.720001,203.240005,333444400
6/27/2016,201.589996,201.600006,198.649994,199.600006,230775800
6/28/2016,201.479996,203.229996,201.119995,203.199997,159382400
6/29/2016,204.839996,206.929993,204.720001,206.660004,137328600
6/30/2016,207.210007,209.539993,206.559998,209.479996,165021900
7/1/2016,209.479996,210.490005,209.289993,209.919998,106055300
7/5/2016,208.949997,209.080002,207.710007,208.410004,109803700
7/6/2016,207.830002,209.800003,207.059998,209.660004,96021500
7/7/2016,209.869995,210.649994,208.630005,209.529999,85593800
7/8/2016,211.050003,212.940002,210.779999,212.649994,133971000
7/11/2016,213.190002,214.070007,212.949997,213.399994,73633900
7/12/2016,214.529999,215.300003,213.429993,214.949997,101275600
7/13/2016,215.440002,215.449997,214.350006,214.919998,87324100
7/14/2016,216.399994,216.669998,215.660004,216.119995,91230900
7/15/2016,216.779999,217.009995,215.309998,215.830002,107155400
7/18/2016,215.970001,216.600006,215.669998,216.410004,58725900
7/19/2016,215.919998,216.229996,215.630005,216.190002,54345700
7/20/2016,216.190002,217.369995,216.190002,217.089996,58159500
7/21/2016,216.960007,217.220001,215.75,216.270004,67777300
7/22/2016,216.410004,217.300003,216.100006,217.240005,62787500
7/25/2016,217,217.059998,215.970001,216.649994,55873100
7/26/2016,216.529999,217.169998,215.759995,216.75,70080500
7/27/2016,217.190002,217.270004,215.619995,216.520004,84083900
7/28/2016,216.289993,217.110001,215.75,216.770004,65035700
7/29/2016,216.460007,217.539993,216.130005,217.119995,79519400
8/1/2016,217.190002,217.649994,216.410004,216.940002,73311400
8/2/2016,216.649994,216.830002,214.570007,215.550003,92295500
8/3/2016,215.479996,216.25,215.130005,216.179993,53993600
8/4/2016,216.309998,216.779999,214.25,216.410004,46585500
8/5/2016,216.410004,218.229996,216.410004,218.179993,71892200
8/8/2016,218.399994,218.520004,217.740005,218.050003,39906500
8/9/2016,218.130005,218.759995,217.800003,218.179993,51251700
8/10/2016,218.309998,218.399994,217.229996,217.639999,57941100
8/11/2016,218.259995,218.940002,217.949997,218.649994,72504300
8/12/2016,218.289993,218.710007,217.990005,218.460007,61313500
8/15/2016,218.889999,219.5,218.880005,219.089996,49813500
8/16/2016,218.600006,218.679993,217.960007,217.960007,53213600
8/17/2016,218,218.529999,217.020004,218.369995,75134300
8/18/2016,218.339996,218.899994,218.210007,218.860001,52989300
8/19/2016,218.309998,218.75,217.740005,218.539993,75443000
8/22/2016,218.259995,218.800003,217.830002,218.529999,61368800
8/23/2016,219.25,219.600006,218.899994,218.970001,53399200
8/24/2016,218.800003,218.910004,217.360001,217.850006,71728900
8/25/2016,217.399994,218.190002,217.220001,217.699997,69224800
8/26/2016,217.919998,219.119995,216.25,217.289993,122506300
8/29/2016,217.440002,218.669998,217.399994,218.360001,70502200
8/30/2016,218.259995,218.589996,217.350006,218,58114500
8/31/2016,217.610001,217.75,216.470001,217.380005,85269500
9/1/2016,217.369995,217.729996,216.029999,217.389999,97844200
9/2/2016,218.389999,218.869995,217.699997,218.369995,79293900
9/6/2016,218.699997,219.119995,217.860001,219.029999,56702100
9/7/2016,218.839996,219.220001,218.300003,219.009995,76554900
9/8/2016,218.619995,218.940002,218.149994,218.509995,74102900
9/9/2016,216.970001,217.029999,213.25,213.279999,221589100
9/12/2016,212.389999,216.809998,212.309998,216.339996,168110900
9/13/2016,214.839996,215.149994,212.5,213.229996,182828800
9/14/2016,213.289993,214.699997,212.5,213.149994,134185500
9/15/2016,212.960007,215.729996,212.75,215.279999,134427900
9/16/2016,213.479996,213.690002,212.570007,213.369995,155236400
9/19/2016,214.130005,214.880005,213.029999,213.410004,80250500
9/20/2016,214.410004,214.589996,213.380005,213.419998,69665300
9/21/2016,214.240005,216.029999,213.440002,215.820007,110284400
9/22/2016,217,217.529999,216.710007,217.179993,76678700
9/23/2016,216.720001,216.880005,215.880005,215.990005,73630900
9/26/2016,215.020004,215.229996,214.009995,214.240005,89827300
9/27/2016,214.050003,215.679993,213.619995,215.570007,78494800
9/28/2016,215.830002,216.820007,214.710007,216.639999,87411000
9/29/2016,216.399994,216.869995,214.039993,214.679993,128070600
9/30/2016,215.649994,217.119995,215.360001,216.300003,117202900
10/3/2016,215.820007,216.039993,215.039993,215.779999,83512100
10/4/2016,215.910004,216.169998,213.990005,214.679993,119948100
10/5/2016,215.410004,216.130005,215.330002,215.630005,72816000
10/6/2016,215.369995,216.039993,214.740005,215.779999,62927400
10/7/2016,216.100006,216.300003,214.190002,215.039993,89788300
10/10/2016,216.160004,216.699997,215.990005,216.160004,51855000
10/11/2016,215.660004,215.740005,212.580002,213.429993,130367400
10/12/2016,213.589996,214.320007,213.009995,213.710007,73866100
10/13/2016,212.160004,213.589996,211.210007,213.009995,101357000
10/14/2016,214.149994,214.690002,213.029999,213.119995,93346200
10/17/2016,213.089996,213.389999,212.169998,212.380005,58275700
10/18/2016,214.240005,214.309998,213.270004,213.710007,76869700
10/19/2016,214.020004,214.639999,213.600006,214.279999,66519200
10/20/2016,213.869995,214.529999,213.110001,213.880005,73639800
10/21/2016,213.880005,214.080002,212.759995,213.979996,89089100
10/24/2016,215,215.320007,214.479996,214.889999,60146600
10/25/2016,214.679993,214.979996,213.979996,214.169998,66542300
10/26/2016,213.210007,214.419998,212.929993,213.740005,75705500
10/27/2016,214.580002,214.619995,213.080002,213.169998,77220200
10/28/2016,213.139999,213.929993,211.710007,212.539993,140623200
10/31/2016,212.929993,213.190002,212.360001,212.550003,61272500
11/1/2016,212.929993,212.990005,209.600006,211.009995,122781800
11/2/2016,210.649994,211.100006,209.229996,209.740005,103330800
11/3/2016,209.990005,210.240005,208.460007,208.779999,88939300
11/4/2016,208.910004,209.889999,208.380005,208.550003,109122100
11/7/2016,208.550003,213.190002,208.550003,213.149994,109794900
11/8/2016,212.690002,214.770004,212.380005,214.110001,106772100
11/9/2016,212.369995,217.100006,212.339996,216.380005,258429000
11/10/2016,217.300003,218.309998,215.220001,216.919998,172113300
11/11/2016,216.080002,216.699997,215.320007,216.419998,100552700
11/14/2016,217.029999,217.270004,215.720001,216.589996,94580000
11/15/2016,217.039993,218.279999,216.800003,218.279999,91652600
11/16/2016,217.559998,218.139999,217.419998,217.869995,65617700
11/17/2016,218.050003,219.059998,217.919998,218.990005,69797200
11/18/2016,219.070007,219.270004,218.289993,218.5,86265800
11/21/2016,219.169998,220.179993,219,220.149994,72402600
11/22/2016,220.509995,220.789993,219.729996,220.580002,67429000
11/23/2016,219.979996,220.759995,219.75,220.699997,56620200
11/25/2016,221.100006,221.559998,221.009995,221.520004,37872300
11/28/2016,221.160004,221.479996,220.360001,220.479996,76572500
11/29/2016,220.520004,221.440002,220.169998,220.910004,69886700
11/30/2016,221.630005,221.820007,220.309998,220.380005,113291800
12/1/2016,220.729996,220.729996,219.149994,219.570007,79040500
12/2/2016,219.669998,220.25,219.259995,219.679993,74840300
12/5/2016,220.649994,221.399994,220.419998,221,67837800
12/6/2016,221.220001,221.740005,220.660004,221.699997,59877400
12/7/2016,221.520004,224.669998,221.380005,224.600006,110738100
12/8/2016,224.570007,225.699997,224.259995,225.149994,99714400
12/9/2016,225.410004,226.529999,225.369995,226.509995,88005800
12/12/2016,226.399994,226.960007,225.759995,226.25,102016100
12/13/2016,227.020004,228.339996,227,227.759995,110477500
12/14/2016,227.410004,228.229996,225.369995,225.880005,142501800
12/15/2016,226.160004,227.809998,225.889999,226.809998,124972600
12/16/2016,226.009995,226.080002,224.669998,225.039993,156420200
12/19/2016,225.25,226.020004,225.080002,225.529999,90341100
12/20/2016,226.149994,226.570007,225.880005,226.399994,89838800
12/21/2016,226.25,226.449997,225.770004,225.770004,67909000
12/22/2016,225.600006,225.740005,224.919998,225.380005,56219100
12/23/2016,225.429993,225.720001,225.210007,225.710007,36697800
12/27/2016,226.020004,226.729996,226,226.270004,42672500
12/28/2016,226.570007,226.589996,224.270004,224.399994,64095000
12/29/2016,224.479996,224.889999,223.839996,224.350006,48696100
12/30/2016,224.729996,224.830002,222.729996,223.529999,108998300
1/3/2017,225.039993,225.830002,223.880005,225.240005,91366500
1/4/2017,225.619995,226.75,225.610001,226.580002,78744400
1/5/2017,226.270004,226.580002,225.479996,226.399994,78379000
1/6/2017,226.529999,227.75,225.899994,227.210007,71559900
1/9/2017,226.910004,227.070007,226.419998,226.460007,46939700
1/10/2017,226.479996,227.449997,226.009995,226.460007,63771900
1/11/2017,226.360001,227.100006,225.589996,227.100006,74650000
1/12/2017,226.5,226.75,224.960007,226.529999,72113200
1/13/2017,226.729996,227.399994,226.690002,227.050003,62717900
1/17/2017,226.309998,226.779999,225.800003,226.25,61240800
1/18/2017,226.539993,226.800003,225.899994,226.75,54793300
1/19/2017,226.839996,227,225.410004,225.910004,66608800
1/20/2017,226.699997,227.309998,225.970001,226.740005,129168600
1/23/2017,226.740005,226.809998,225.270004,226.149994,75061600
1/24/2017,226.399994,228.080002,226.270004,227.600006,95555300
1/25/2017,228.699997,229.570007,228.509995,229.570007,84437700
1/26/2017,229.399994,229.710007,229.009995,229.330002,59970700
1/27/2017,229.419998,229.589996,228.759995,228.970001,59711100
1/30/2017,228.169998,228.199997,226.410004,227.550003,79737300
1/31/2017,226.979996,227.600006,226.320007,227.529999,75880800
2/1/2017,227.529999,228.589996,226.940002,227.619995,79117700
2/2/2017,227.619995,228.100006,226.820007,227.770004,69657600
2/3/2017,228.820007,229.550003,228.460007,229.339996,80563200
2/6/2017,228.869995,229.330002,228.539993,228.929993,57790100
2/7/2017,229.380005,229.660004,228.720001,228.940002,57931200
2/8/2017,228.940002,229.389999,228.309998,229.240005,51566200
2/9/2017,229.240005,230.949997,229.240005,230.600006,65955200
2/10/2017,231,231.770004,230.619995,231.509995,66015900
2/13/2017,232.080002,233.070007,232.050003,232.770004,55182100
2/14/2017,232.559998,233.710007,232.160004,233.699997,71109000
2/15/2017,233.449997,235.139999,233.389999,234.919998,86785800
2/16/2017,234.949997,235.160004,233.850006,234.720001,84722400
2/17/2017,233.949997,235.089996,233.929993,235.089996,77204100
2/21/2017,235.520004,236.690002,235.509995,236.490005,88946100
2/22/2017,236.020004,236.539993,235.830002,236.279999,62115200
2/23/2017,236.880005,236.899994,235.559998,236.440002,74615900
2/24/2017,235.460007,236.789993,235.410004,236.740005,82381600
2/27/2017,236.639999,237.309998,236.350006,237.110001,56515400
2/28/2017,236.669998,236.949997,236.020004,236.470001,96961900
3/1/2017,238.389999,240.320007,238.369995,239.779999,149158200
3/2/2017,239.559998,239.570007,238.210007,238.270004,70246000
3/3/2017,238.169998,238.610001,237.729996,238.419998,81974300
3/6/2017,237.5,238.119995,237.009995,237.710007,55391500
3/7/2017,237.360001,237.770004,236.759995,237,65103700
3/8/2017,237.339996,237.639999,236.399994,236.559998,78168800
3/9/2017,236.699997,237.240005,235.740005,236.860001,90683900
3/10/2017,237.970001,238.020004,236.589996,237.690002,81991700
3/13/2017,237.619995,237.860001,237.240005,237.809998,57256800
3/14/2017,237.179993,237.240005,236.190002,236.899994,59880800
3/15/2017,237.559998,239.440002,237.289993,238.949997,96081800
3/16/2017,239.110001,239.199997,238.100006,238.479996,78344000
3/17/2017,237.75,237.970001,237.029999,237.029999,89002100
3/20/2017,237.029999,237.360001,236.320007,236.770004,52537000
3/21/2017,237.470001,237.610001,233.580002,233.729996,131809300
3/22/2017,233.770004,234.610001,233.050003,234.279999,97569200
3/23/2017,234.279999,235.339996,233.600006,234.029999,100410300
3/24/2017,234.380005,235.039993,232.960007,233.860001,112504900
3/27/2017,231.929993,233.919998,231.610001,233.619995,87454500
3/28/2017,233.270004,235.809998,233.139999,235.320007,93483900
3/29/2017,234.990005,235.809998,234.729996,235.539993,61950400
3/30/2017,235.470001,236.520004,235.270004,236.289993,56737900
3/31/2017,235.899994,236.509995,235.679993,235.740005,73733100
4/3/2017,235.800003,236.029999,233.910004,235.330002,85546500
4/4/2017,235,235.580002,234.559998,235.479996,56466200
4/5/2017,236.259995,237.389999,234.539993,234.779999,108800600
4/6/2017,234.940002,236.039993,234.429993,235.440002,69135800
4/7/2017,235.149994,236,234.639999,235.199997,74412300
4/10/2017,235.360001,236.259995,234.729996,235.339996,67615300
4/11/2017,234.899994,235.179993,233.339996,235.059998,88045300
4/12/2017,234.740005,234.960007,233.770004,234.029999,81864400
4/13/2017,233.639999,234.490005,232.509995,232.509995,92880400
4/17/2017,233.110001,234.570007,232.880005,234.570007,68405400
4/18/2017,233.720001,234.490005,233.080002,233.869995,83225800
4/19/2017,234.520004,234.949997,233.179993,233.440002,68699900
4/20/2017,234.149994,235.850006,233.779999,235.339996,92572200
4/21/2017,235.25,235.309998,234.130005,234.589996,110389800
4/24/2017,237.179993,237.410004,234.559998,237.169998,119209900
4/25/2017,237.910004,238.949997,237.809998,238.550003,76698300
4/26/2017,238.509995,239.529999,238.350006,238.399994,84702500
4/27/2017,238.770004,238.949997,237.979996,238.600006,57410300
4/28/2017,238.899994,238.929993,237.929993,238.080002,63532800
5/1/2017,238.679993,239.169998,238.199997,238.679993,66882500
5/2/2017,238.839996,238.979996,238.300003,238.770004,57375700
5/3/2017,238.770004,238.880005,237.699997,238.479996,73137700
5/4/2017,238.830002,238.919998,237.779999,238.759995,61462700
5/5/2017,239.190002,239.720001,238.679993,239.699997,62001300
5/8/2017,239.75,239.919998,239.169998,239.660004,48385700
5/9/2017,239.960007,240.190002,239.039993,239.440002,51363200
5/10/2017,239.389999,239.869995,239.149994,239.869995,54293800
5/11/2017,239.350006,239.570007,238.130005,239.380005,62358300
5/12/2017,239.089996,239.429993,238.669998,238.979996,53912700
5/15/2017,239.470001,240.440002,239.449997,240.300003,61918900
5/16/2017,240.639999,240.669998,239.630005,240.080002,51241800
5/17/2017,240.080002,240.080002,235.75,235.820007,172174100
5/18/2017,235.729996,237.75,235.429993,236.770004,107047700
5/19/2017,237.330002,239.080002,237.270004,238.309998,115011400
5/22/2017,238.899994,239.710007,238.820007,239.520004,61010600
5/23/2017,239.949997,240.240005,239.509995,240.050003,48341700
5/24/2017,240.320007,240.729996,239.929993,240.610001,46927700
5/25/2017,241.199997,242.080002,240.960007,241.759995,64071700
5/26/2017,241.539993,241.899994,241.449997,241.710007,46629900
5/30/2017,241.339996,241.789993,241.160004,241.5,35201900
5/31/2017,241.839996,241.880005,240.639999,241.440002,91796000
6/1/2017,241.970001,243.380005,241.639999,243.360001,68962000
6/2/2017,243.419998,244.350006,243.080002,244.169998,88666100
6/5/2017,243.970001,244.300003,243.759995,243.990005,44698800
6/6/2017,243.339996,243.979996,243.119995,243.210007,50375400
6/7/2017,243.600006,243.919998,242.830002,243.660004,54144300
6/8/2017,243.770004,244.330002,243.169998,243.779999,65950700
6/9/2017,244.089996,245.009995,241.949997,243.410004,132256400
6/12/2017,243.130005,243.419998,242.380005,243.360001,86108100
6/13/2017,243.979996,244.610001,243.580002,244.550003,60067000
6/14/2017,244.860001,244.869995,243.289993,244.240005,78602300
6/15/2017,242.679993,243.910004,242.360001,243.770004,66464900
6/16/2017,242.770004,242.830002,241.630005,242.639999,84553100
6/19/2017,243.589996,244.729996,243.479996,244.660004,65123800
6/20/2017,244.25,244.259995,242.990005,243.009995,56906400
6/21/2017,243.460007,243.589996,242.410004,242.949997,55977600
6/22/2017,242.960007,243.529999,242.639999,242.839996,44148100
6/23/2017,242.910004,243.509995,242.470001,243.130005,66986800
6/26/2017,243.899994,244.380005,243.050003,243.289993,56700500
6/27/2017,243.039993,243.380005,241.309998,241.330002,82247700
6/28/2017,242.5,243.720001,242.229996,243.490005,70042600
6/29/2017,243.660004,243.720001,239.960007,241.350006,106949700
6/30/2017,242.279999,242.710007,241.580002,241.800003,86820700
7/3/2017,242.880005,243.380005,242.210007,242.210007,39153800
7/5/2017,242.630005,243.009995,241.699997,242.770004,54427600
7/6/2017,241.889999,242.029999,240.339996,240.550003,65400800
7/7/2017,241.210007,242.279999,240.559998,242.110001,57972300
7/10/2017,242.110001,242.800003,241.759995,242.369995,36663300
7/11/2017,242.369995,242.550003,240.850006,242.190002,50354600
7/12/2017,243.300003,244.199997,243.300003,244.009995,59610400
7/13/2017,244.020004,244.550003,243.759995,244.419998,39471600
7/14/2017,244.419998,245.970001,244.309998,245.559998,60262700
7/17/2017,245.470001,245.910004,245.330002,245.529999,33531900
7/18/2017,245.059998,245.720001,244.669998,245.660004,42742500
7/19/2017,246.020004,247,246.009995,246.990005,51034300
7/20/2017,247.279999,247.419998,246.470001,247.100006,47135200
7/21/2017,246.440002,246.910004,246.179993,246.880005,82340800
7/24/2017,246.789993,246.979996,246.279999,246.820007,46622300
7/25/2017,247.679993,247.800003,247.160004,247.419998,54915600
7/26/2017,247.75,247.789993,247.130005,247.429993,47575400
7/27/2017,247.960007,248,245.679993,247.199997,70766600
7/28/2017,246.649994,247.059998,246.130005,246.910004,50088400
7/31/2017,247.369995,247.479996,246.529999,246.770004,65838700
8/1/2017,247.460007,247.5,246.720001,247.320007,55050400
8/2/2017,247.470001,247.600006,246.369995,247.440002,47211200
8/3/2017,247.309998,247.339996,246.639999,246.960007,40856000
8/4/2017,247.520004,247.789993,246.970001,247.410004,60191800
8/7/2017,247.490005,247.869995,247.369995,247.869995,31995000
8/8/2017,247.509995,248.910004,246.830002,247.259995,61719400
8/9/2017,246.470001,247.309998,246.059998,247.25,62632600
8/10/2017,246.289993,246.440002,243.699997,243.759995,120479500
8/11/2017,244.020004,244.800003,243.75,244.119995,74869900
8/14/2017,245.589996,246.789993,245.550003,246.539993,73291900
8/15/2017,246.979996,247,246.160004,246.509995,55242700
8/16/2017,247.110001,247.570007,246.449997,246.940002,56715500
8/17/2017,246.240005,246.600006,243.089996,243.089996,128490400
8/18/2017,242.899994,244.190002,242.199997,242.710007,136748000
8/21/2017,242.639999,243.199997,241.830002,242.899994,65469700
8/22/2017,243.570007,245.619995,243.550003,245.440002,63140100
8/23/2017,244.330002,245.050003,244.160004,244.559998,50203800
8/24/2017,245,245.179993,243.75,243.990005,50741700
8/25/2017,244.899994,245.610001,244.389999,244.559998,64445900
8/28/2017,245.169998,245.199997,244.089996,244.570007,40565600
8/29/2017,243.059998,245.149994,242.929993,244.850006,51135700
8/30/2017,244.830002,246.320007,244.619995,246.009995,62030800
8/31/2017,246.720001,247.770004,246.050003,247.490005,103803900
9/1/2017,247.919998,248.330002,247.669998,247.839996,62007000
9/5/2017,247.259995,247.520004,244.949997,246.059998,91398800
9/6/2017,246.839996,247.279999,246.229996,246.899994,57916900
9/7/2017,247.25,247.270004,246.399994,246.869995,58034700
9/8/2017,246.539993,247.110001,246.300003,246.580002,63832800
9/11/2017,248.039993,249.300003,248.020004,249.210007,71364800
9/12/2017,249.630005,250.089996,249.419998,250.050003,56896000
9/13/2017,249.720001,250.210007,249.589996,250.169998,59228000
9/14/2017,249.800003,250.320007,249.600006,250.089996,95446300
9/15/2017,248.690002,249.289993,248.570007,249.190002,95432400
9/18/2017,249.610001,250.119995,249.279999,249.720001,46235200
9/19/2017,250,250.070007,249.600006,249.970001,47108100
9/20/2017,250.070007,250.190002,248.919998,250.059998,59574100
9/21/2017,249.880005,249.979996,249.190002,249.389999,48211400
9/22/2017,249.050003,249.630005,249.020004,249.440002,51214000
9/25/2017,249.149994,249.550003,248.080002,248.929993,57064400
9/26/2017,249.419998,249.699997,248.809998,249.080002,54082000
9/27/2017,249.880005,250.490005,248.869995,250.050003,81001400
9/28/2017,249.729996,250.440002,249.630005,250.350006,44778800
9/29/2017,250.339996,251.320007,250.130005,251.229996,85578000
10/2/2017,251.490005,252.320007,251.289993,252.320007,59023000
10/3/2017,252.320007,252.889999,252.229996,252.860001,66810200
10/4/2017,252.690002,253.440002,252.559998,253.160004,55953600
10/5/2017,253.539993,254.679993,253.199997,254.660004,63522800
10/6/2017,254.149994,254.699997,253.850006,254.369995,80646000
10/9/2017,254.630005,254.699997,253.649994,253.949997,35803100
10/10/2017,254.600006,255.050003,253.979996,254.619995,43057400
10/11/2017,254.509995,255.020004,254.320007,255.020004,47674300
10/12/2017,254.660004,255.059998,254.369995,254.639999,47065100
10/13/2017,255.139999,255.270004,254.639999,254.949997,54800400
10/16/2017,255.210007,255.509995,254.820007,255.289993,38221700
10/17/2017,255.229996,255.520004,254.979996,255.470001,31561000
10/18/2017,255.899994,255.949997,255.5,255.720001,40888300
10/19/2017,254.830002,255.830002,254.350006,255.789993,61903800
10/20/2017,256.700012,257.140015,255.770004,257.109985,89176400
10/23/2017,257.480011,257.51001,256.019989,256.109985,63915300
10/24/2017,256.600006,256.829987,256.149994,256.559998,66935900
10/25/2017,256.179993,256.309998,254,255.289993,103715300
10/26/2017,255.990005,256.299988,255.479996,255.619995,69798000
10/27/2017,256.470001,257.890015,255.630005,257.709991,85562500
10/30/2017,256.470001,257.600006,256.410004,256.75,54285700
10/31/2017,257.179993,257.440002,256.809998,257.149994,60304800
11/1/2017,258.040009,258.429993,257.070007,257.48999,54202700
11/2/2017,257.410004,257.75,256.190002,257.589996,56449500
11/3/2017,257.769989,258.5,257.299988,258.450012,59589700
11/6/2017,258.299988,259,258.220001,258.850006,49652600
11/7/2017,258.970001,259.350006,258.089996,258.670013,57502200
11/8/2017,258.470001,259.220001,258.149994,259.109985,50469600
11/9/2017,257.730011,258.390015,256.359985,258.170013,95085500
11/10/2017,257.730011,258.290009,257.369995,258.089996,59984700
11/13/2017,257.309998,258.589996,257.269989,258.329987,50228600
11/14/2017,257.410004,257.850006,256.519989,257.730011,61315200
11/15/2017,256.619995,257.220001,255.630005,256.440002,80811500
11/16/2017,257.519989,259.040009,257.470001,258.619995,67777000
11/17/2017,258.220001,258.589996,257.769989,257.859985,75756800
11/20/2017,258.140015,258.519989,257.859985,258.299988,48075500
11/21/2017,259.179993,260.200012,258.26001,259.98999,69176800
11/22/2017,260,260.149994,259.570007,259.76001,45033400
11/24/2017,260.320007,260.480011,260.160004,260.359985,27856500
11/27/2017,260.410004,260.75,260,260.230011,52274900
11/28/2017,260.76001,262.899994,260.649994,262.869995,98971700
11/29/2017,263.019989,263.630005,262.200012,262.709991,77512100
11/30/2017,263.76001,266.049988,263.670013,265.01001,127894400
12/1/2017,264.76001,265.309998,260.76001,264.459991,164390900
12/4/2017,266.309998,266.799988,264.079987,264.140015,94040600
12/5/2017,263.190002,265.149994,263.040009,263.190002,77994500
12/6/2017,263.299988,263.730011,262.709991,263.23999,75898600
12/7/2017,264.070007,264.429993,262.940002,264.070007,77218600
12/8/2017,265.160004,265.519989,264.029999,265.51001,76563900
12/11/2017,266.309998,266.380005,265.480011,266.309998,83077500
12/12/2017,267.209991,267.320007,266.350006,266.779999,85195800
12/13/2017,267.059998,267.559998,266.649994,266.75,102905400
12/14/2017,267.089996,267.220001,265.600006,265.660004,100666700
12/15/2017,265.450012,267.040009,265.390015,266.51001,144610300
12/18/2017,268.100006,268.600006,267.980011,268.200012,83653600
12/19/2017,268.480011,268.529999,267.089996,267.170013,82382900
12/20/2017,268.269989,268.329987,266.690002,267.029999,76751500
12/21/2017,267.73999,268.390015,267.299988,267.579987,67032300
12/22/2017,267.600006,267.640015,266.899994,267.51001,78720900
12/26/2017,267.049988,267.440002,266.890015,267.190002,45244400
12/27/2017,267.380005,267.730011,267.01001,267.320007,57751000
12/28/2017,267.890015,267.920013,267.450012,267.869995,45116100
12/29/2017,268.529999,268.549988,266.640015,266.859985,96007400
1/2/2018,267.839996,268.809998,267.399994,268.769989,86655700
1/3/2018,268.959991,270.640015,268.959991,270.470001,90070400
1/4/2018,271.200012,272.160004,270.540009,271.609985,80636400
1/5/2018,272.51001,273.559998,271.950012,273.420013,83524000
1/8/2018,273.309998,274.100006,272.980011,273.920013,57319200
1/9/2018,274.399994,275.25,274.079987,274.540009,57254000
1/10/2018,273.679993,274.420013,272.920013,274.119995,69574300
1/11/2018,274.75,276.119995,274.559998,276.119995,62361500
1/12/2018,276.420013,278.109985,276.079987,277.920013,90816100
1/16/2018,279.350006,280.089996,276.179993,276.970001,106555100
1/17/2018,278.029999,280.049988,276.970001,279.609985,113258800
1/18/2018,279.480011,279.959991,278.579987,279.140015,100728000
1/19/2018,279.799988,280.410004,279.140015,280.410004,140920100
1/22/2018,280.170013,282.690002,280.109985,282.690002,91322400
1/23/2018,282.73999,283.619995,282.369995,283.290009,97084700
1/24/2018,284.019989,284.700012,281.839996,283.179993,134816100
1/25/2018,284.160004,284.269989,282.399994,283.299988,84587300
1/26/2018,284.25,286.630005,283.959991,286.579987,107743100
1/29/2018,285.929993,286.429993,284.5,284.679993,90118300
1/30/2018,282.600006,284.73999,281.220001,281.76001,131796400
1/31/2018,282.730011,283.299988,280.679993,281.899994,108364800
2/1/2018,281.070007,283.059998,280.679993,281.579987,90102500
2/2/2018,280.079987,280.230011,275.410004,275.450012,173174800
2/5/2018,273.450012,275.850006,263.309998,263.929993,294681800
2/6/2018,259.940002,269.700012,258.700012,269.130005,355026800
2/7/2018,268.5,272.359985,267.579987,267.670013,167376100
2/8/2018,268.01001,268.170013,257.589996,257.630005,246449500
2/9/2018,260.799988,263.609985,252.919998,261.5,283565300
2/12/2018,263.829987,267.01001,261.660004,265.339996,143736000
2/13/2018,263.970001,266.619995,263.309998,266,81223600
2/14/2018,264.309998,270,264.299988,269.589996,120735700
2/15/2018,271.570007,273.040009,268.769989,273.029999,111200300
2/16/2018,272.320007,275.320007,272.269989,273.109985,160420100
2/20/2018,272.029999,273.670013,270.5,271.399994,86369700
2/21/2018,271.899994,274.720001,269.940002,270.049988,98883700
2/22/2018,271.100006,273.049988,269.640015,270.399994,110511300
2/23/2018,271.790009,274.709991,271.25,274.709991,92766400
2/26/2018,275.929993,278.01001,275.26001,277.899994,86491400
2/27/2018,278.109985,278.920013,274.359985,274.429993,99099200
2/28/2018,275.679993,276.190002,271.290009,271.649994,121907800
3/1/2018,271.410004,273.170013,266,267.700012,176855100
3/2/2018,265.799988,269.720001,264.820007,269.079987,139083200
3/5/2018,267.730011,272.890015,267.609985,272.190002,97307400
3/6/2018,273.299988,273.390015,271.179993,272.880005,79213200
3/7/2018,270.420013,273.179993,270.200012,272.779999,87063500
3/8/2018,273.549988,274.23999,272.420013,274.100006,66901200
3/9/2018,275.700012,278.869995,275.339996,278.869995,113625300
3/12/2018,279.200012,279.910004,278.079987,278.519989,71924800
3/13/2018,279.839996,280.410004,276.029999,276.720001,91968900
3/14/2018,277.809998,278.019989,274.670013,275.299988,105895100
3/15/2018,275.880005,276.609985,274.429993,275,83433000
3/16/2018,274.5,275.390015,274.140015,274.200012,100343700
3/19/2018,273.350006,274.399994,268.619995,270.48999,109208400
3/20/2018,270.940002,271.670013,270.179993,270.950012,59757300
3/21/2018,270.899994,273.269989,270.190002,270.429993,78709600
3/22/2018,267.910004,268.869995,263.359985,263.670013,148785900
3/23/2018,264.170013,264.540009,257.829987,258.049988,183534800
3/26/2018,262.130005,265.429993,259.410004,265.109985,141956100
3/27/2018,266.170013,266.769989,258.839996,260.600006,129941400
3/28/2018,260.75,262.640015,258.579987,259.829987,146452300
3/29/2018,261.119995,265.26001,259.839996,263.149994,111601600
4/2/2018,262.549988,263.130005,254.669998,257.470001,186286300
4/3/2018,258.869995,261.309998,256.839996,260.769989,119956900
4/4/2018,256.75,264.359985,256.600006,263.559998,123715300
4/5/2018,265.549988,266.640015,264.320007,265.640015,82652600
4/6/2018,263.420013,265.109985,258,259.720001,179521200
4/9/2018,261.369995,264.839996,259.940002,261,105442900
4/10/2018,264.269989,266.040009,262.980011,265.149994,103529000
4/11/2018,263.470001,265.640015,263.390015,263.76001,91140200
4/12/2018,265.26001,267,265.059998,265.929993,68890500
4/13/2018,267.410004,267.540009,264.01001,265.149994,85079200
4/16/2018,267,268.200012,266.070007,267.329987,63405300
4/17/2018,269.329987,270.869995,268.75,270.190002,64682000
4/18/2018,270.690002,271.299988,269.869995,270.390015,57303900
4/19/2018,269.649994,269.880005,267.720001,268.890015,77655900
4/20/2018,268.809998,269.059998,265.609985,266.609985,99953100
4/23/2018,267.26001,267.890015,265.350006,266.570007,65558000
4/24/2018,267.730011,267.980011,261.279999,262.980011,112885500
4/25/2018,262.910004,264.130005,260.850006,263.630005,103840900
4/26/2018,264.790009,267.25,264.290009,266.309998,67731900
4/27/2018,267,267.339996,265.5,266.559998,57053600
4/30/2018,267.26001,267.890015,264.429993,264.51001,82182300
5/1/2018,263.869995,265.100006,262.109985,264.980011,74203400
5/2/2018,264.76001,265.679993,262.76001,263.200012,86368900
5/3/2018,262.26001,263.359985,259.049988,262.619995,136311500
5/4/2018,261.519989,266.790009,261.149994,266.019989,91222100
5/7/2018,266.890015,268.019989,266.109985,266.920013,55304900
5/8/2018,266.5,267.329987,265.149994,266.920013,67499200
5/9/2018,267.679993,269.869995,267.089996,269.5,59666100
5/10/2018,270.339996,272.390015,270.220001,272.019989,72063900
5/11/2018,272.160004,273.149994,271.579987,272.850006,59871500
5/14/2018,273.339996,274.079987,272.359985,272.980011,54790600
5/15/2018,271.589996,271.609985,270.029999,271.100006,87036100
5/16/2018,271.140015,272.76001,271.109985,272.23999,53942600
5/17/2018,271.940002,273.230011,271.130005,272.01001,56536400
5/18/2018,271.619995,272.029999,270.929993,271.329987,64368000
5/21/2018,273.01001,273.980011,272.570007,273.369995,58025900
5/22/2018,273.959991,274.25,272.23999,272.609985,52966400
5/23/2018,271.170013,273.390015,270.98999,273.359985,64694200
5/24/2018,272.910004,273.220001,270.779999,272.799988,76043800
5/25/2018,272.149994,272.859985,271.579987,272.149994,56374800
5/29/2018,270.309998,271.170013,267.76001,269.019989,115908600
5/30/2018,270.5,273.109985,270.420013,272.609985,69678400
5/31/2018,272.149994,272.48999,270.26001,270.940002,93519900
6/1/2018,272.410004,273.940002,272.329987,273.600006,71258400
6/4/2018,274.529999,275.190002,274.26001,274.899994,45385200
6/5/2018,275.049988,275.529999,274.179993,275.100006,51135000
6/6/2018,275.790009,277.519989,275.089996,277.399994,62732200
6/7/2018,277.950012,278.279999,276.339996,277.369995,72969400
6/8/2018,276.850006,278.25,276.660004,278.190002,72139700
6/11/2018,278.440002,279.369995,278.309998,278.559998,58892500
6/12/2018,279.029999,279.329987,278.190002,278.920013,72329000
6/13/2018,279.190002,279.480011,277.799988,278.029999,79070600
6/14/2018,279.01001,279.329987,278.059998,278.730011,77097600
6/15/2018,276.600006,277.51001,275.350006,277.130005,120041600
6/18/2018,275.48999,276.700012,274.950012,276.559998,52917600
6/19/2018,274,275.75,273.529999,275.5,97531500
6/20/2018,276.269989,276.720001,275.589996,275.970001,53785500
6/21/2018,275.959991,275.980011,273.679993,274.23999,71061400
6/22/2018,275.660004,275.790009,274.48999,274.73999,54898500
6/25/2018,273.440002,273.619995,269.100006,271,137854200
6/26/2018,271.640015,272.559998,270.790009,271.600006,68547400
6/27/2018,272.26001,273.869995,269.179993,269.350006,105110700
6/28/2018,269.290009,271.75,268.48999,270.890015,76650500
6/29/2018,272.119995,273.660004,271.149994,271.279999,97592500
7/2/2018,269.51001,272.040009,269.23999,271.859985,63554800
7/3/2018,272.869995,272.980011,270.420013,270.899994,42187100
7/5/2018,272.170013,273.179993,270.959991,273.109985,56925900
7/6/2018,273.140015,275.839996,272.709991,275.420013,66493700
7/9/2018,276.549988,277.959991,276.5,277.899994,50550400
7/10/2018,278.410004,279.01001,278.079987,278.899994,51966800
7/11/2018,277.149994,278.040009,276.519989,276.859985,77054700
7/12/2018,278.279999,279.429993,277.600006,279.369995,60124700
7/13/2018,279.170013,279.929993,278.660004,279.589996,48216000
7/16/2018,279.640015,279.799988,278.839996,279.339996,48201000
7/17/2018,278.470001,280.910004,278.410004,280.470001,52315500
7/18/2018,280.559998,281.179993,280.059998,281.059998,44593500
7/19/2018,280.309998,280.73999,279.459991,280,61412100
7/20/2018,279.769989,280.480011,279.5,279.679993,82337700
7/23/2018,279.450012,280.429993,279.059998,280.200012,47047600
7/24/2018,281.790009,282.559998,280.630005,281.609985,68026900
7/25/2018,281.329987,284.369995,281.279999,284.01001,78882900
7/26/2018,283.200012,284.109985,283.089996,283.339996,57919500
7/27/2018,283.709991,283.820007,280.380005,281.420013,76768700
7/30/2018,281.51001,281.690002,279.359985,279.950012,63742500
7/31/2018,280.809998,282.019989,280.380005,281.329987,68570500
8/1/2018,281.559998,282.130005,280.130005,280.859985,53853300
8/2/2018,279.390015,282.579987,279.160004,282.390015,63426400
8/3/2018,282.529999,283.660004,282.329987,283.600006,53935400
8/6/2018,283.640015,284.98999,283.200012,284.640015,39400900
8/7/2018,285.390015,286.01001,285.23999,285.579987,43196600
8/8/2018,285.390015,285.910004,284.940002,285.459991,42114600
8/9/2018,285.529999,285.970001,284.920013,285.070007,35717000
8/10/2018,283.450012,284.059998,282.359985,283.160004,77076000
8/13/2018,283.470001,284.160004,281.769989,282.100006,65732900
8/14/2018,282.920013,284.170013,282.480011,283.899994,43842000
8/15/2018,282.380005,282.540009,280.160004,281.779999,102925400
8/16/2018,283.399994,285.040009,283.359985,284.059998,69967900
8/17/2018,283.829987,285.559998,283.369995,285.059998,65618500
8/20/2018,285.570007,285.970001,285.059998,285.670013,39807500
8/21/2018,286.25,287.309998,285.709991,286.339996,67272000
8/22/2018,285.880005,286.76001,285.579987,286.170013,44993300
8/23/2018,285.970001,286.940002,285.429993,285.790009,49204900
8/24/2018,286.440002,287.670013,286.380005,287.51001,57487400
8/27/2018,288.859985,289.899994,288.679993,289.779999,57072400
8/28/2018,290.299988,290.420013,289.399994,289.920013,46943500
8/29/2018,290.160004,291.73999,289.890015,291.480011,61485500
8/30/2018,290.940002,291.359985,289.630005,290.299988,61229500
8/31/2018,289.839996,290.809998,289.290009,290.309998,66140800
9/4/2018,289.839996,290.209991,288.679993,289.809998,57594400
9/5/2018,289.410004,289.640015,287.890015,289.029999,72452400
9/6/2018,289.149994,289.48999,287,288.160004,65909900
9/7/2018,286.980011,288.700012,286.709991,287.600006,73524800
9/10/2018,288.73999,289.040009,287.880005,288.100006,50210900
9/11/2018,287.369995,289.549988,286.980011,289.049988,50530500
9/12/2018,289.059998,289.799988,288.230011,289.119995,59810800
9/13/2018,290.320007,291.040009,290,290.829987,51034200
9/14/2018,291.059998,291.269989,290,290.880005,55079900
9/17/2018,290.820007,290.859985,289.029999,289.339996,68244000
9/18/2018,289.579987,291.579987,289.549988,290.910004,61930400
9/19/2018,290.970001,291.690002,290.829987,291.220001,49080600
9/20/2018,292.640015,293.940002,291.23999,293.579987,100360600
9/21/2018,293.089996,293.220001,291.809998,291.98999,105479700
9/24/2018,291.339996,291.5,290.369995,291.019989,53409600
9/25/2018,291.529999,291.649994,290.480011,290.75,44370000
9/26/2018,290.910004,292.23999,289.410004,289.880005,79739700
9/27/2018,290.410004,291.910004,290.100006,290.690002,59249500
9/28/2018,289.98999,291.279999,289.950012,290.720001,70091400
10/1/2018,292.109985,292.929993,290.980011,291.730011,62078900
10/2/2018,291.559998,292.359985,291.140015,291.559998,47258200
10/3/2018,292.73999,293.209991,291.320007,291.720001,64694600
10/4/2018,291.179993,291.23999,287.660004,289.440002,111545900
10/5/2018,289.690002,290.269989,286.220001,287.820007,105951700
10/8/2018,287.049988,288.220001,285.5,287.820007,87742200
10/9/2018,287.390015,288.859985,286.769989,287.399994,74339000
10/10/2018,286.829987,286.910004,277.880005,278.299988,214731000
10/11/2018,277.079987,278.899994,270.359985,272.170013,274840500
10/12/2018,276.769989,277.089996,272.369995,275.950012,183186500
10/15/2018,275.549988,277.040009,274.299988,274.399994,102263700
10/16/2018,276.600006,280.820007,276.070007,280.399994,118255800
10/17/2018,280.440002,281.149994,277.559998,280.450012,110626000
10/18/2018,279.399994,280.070007,274.970001,276.399994,134557500
10/19/2018,277.130005,279.299988,275.470001,276.25,139901600
10/22/2018,277,277.359985,274.410004,275.01001,82415800
10/23/2018,270.950012,274.869995,268.609985,273.609985,146352700
10/24/2018,273.329987,273.76001,264.700012,265.320007,177806700
10/25/2018,267.380005,271.809998,266.230011,270.079987,138061500
10/26/2018,265.920013,271,262.290009,265.329987,201574600
10/29/2018,268.799988,270.25,259.850006,263.859985,160749100
10/30/2018,263.670013,268.119995,263.119995,267.769989,157116000
10/31/2018,270.649994,273.230011,270.119995,270.630005,128296300
11/1/2018,271.600006,273.730011,270.380005,273.51001,99495000
11/2/2018,274.75,275.230011,269.589996,271.890015,122634100
11/5/2018,272.440002,274.01001,271.350006,273.390015,65622500
11/6/2018,273.320007,275.299988,273.25,275.119995,60085900
11/7/2018,277.559998,281.100006,277.079987,281.01001,102752100
11/8/2018,280.109985,281.220001,279.220001,280.5,65584900
11/9/2018,279.029999,279.23999,276.179993,277.76001,98812600
11/12/2018,277.190002,277.459991,271.98999,272.570007,99673600
11/13/2018,273.089996,275.329987,271.25,272.059998,98176600
11/14/2018,274.160004,274.609985,268.450012,270.200012,125335900
11/15/2018,268.779999,273.540009,267.01001,273.019989,135101400
11/16/2018,271.790009,274.75,271.209991,273.730011,126668000
11/19/2018,273.049988,273.380005,268.070007,269.100006,103061700
11/20/2018,265.359985,267,263.149994,264.119995,136021300
11/21/2018,265.859985,267.149994,265.01001,265.019989,75563700
11/23/2018,263.179993,264.820007,263.070007,263.25,42807900
11/26/2018,265.779999,267.75,265.339996,267.5,79981400
11/27/2018,266.339996,268.399994,265.660004,268.399994,75502400
11/28/2018,269.600006,274.579987,268.329987,274.579987,127629600
11/29/2018,273.709991,275.549988,272.429993,273.980011,82346400
11/30/2018,273.809998,276.279999,273.450012,275.649994,98204200
12/3/2018,280.279999,280.399994,277.51001,279.299988,103176300
12/4/2018,278.369995,278.850006,269.899994,270.25,177986000
12/6/2018,265.920013,269.970001,262.440002,269.839996,204185400
12/7/2018,269.459991,271.220001,262.630005,263.570007,161018900
12/10/2018,263.369995,265.160004,258.619995,264.070007,151445900
12/11/2018,267.660004,267.869995,262.480011,264.130005,121504400
12/12/2018,267.470001,269,265.369995,265.459991,97976700
12/13/2018,266.519989,267.48999,264.119995,265.369995,96662700
12/14/2018,262.959991,264.029999,259.850006,260.470001,116961100
12/17/2018,259.399994,260.649994,253.529999,255.360001,165492300
12/18/2018,257.200012,257.950012,253.279999,255.080002,134515100
12/19/2018,255.169998,259.399994,249.350006,251.259995,214992800
12/20/2018,249.860001,251.619995,244.649994,247.169998,252053400
12/21/2018,246.740005,249.710007,239.979996,240.699997,255345600
12/24/2018,239.039993,240.839996,234.270004,234.339996,147311600
12/26/2018,235.970001,246.179993,233.759995,246.179993,218485400
12/27/2018,242.570007,248.289993,238.960007,248.070007,186267300
12/28/2018,249.580002,251.399994,246.449997,247.75,153100200
12/31/2018,249.559998,250.190002,247.470001,249.919998,144299400
1/2/2019,245.979996,251.210007,245.949997,250.179993,126925200
1/3/2019,248.229996,248.570007,243.669998,244.210007,144140700
1/4/2019,247.589996,253.110001,247.169998,252.389999,142628800
1/7/2019,252.690002,255.949997,251.690002,254.380005,103139100
1/8/2019,256.820007,257.309998,254,256.769989,102512600
1/9/2019,257.559998,258.910004,256.190002,257.970001,95006600
1/10/2019,256.26001,259.160004,255.5,258.880005,96823900
1/11/2019,257.679993,259.01001,257.029999,258.980011,73858100
1/14/2019,256.859985,258.299988,256.410004,257.399994,70908200
1/15/2019,257.820007,260.700012,257.809998,260.350006,85208300
1/16/2019,260.829987,261.970001,260.600006,260.980011,77636700
1/17/2019,260.01001,263.920013,259.959991,262.959991,96118400
1/18/2019,264.980011,266.980011,263,266.459991,127900300
1/22/2019,264.820007,265.059998,261.059998,262.859985,115531200
1/23/2019,264.01001,264.790009,260.660004,263.410004,86030300
1/24/2019,263.209991,264.200012,262.079987,263.549988,59204100
1/25/2019,265.609985,266.700012,263.660004,265.779999,96883400
1/28/2019,263.390015,263.829987,261.790009,263.76001,85613700
1/29/2019,263.920013,264.549988,262.480011,263.410004,66136300
1/30/2019,265.100006,268.519989,264.25,267.579987,92473700
1/31/2019,267.51001,270.470001,267.269989,269.929993,104012100
2/1/2019,270.149994,271.200012,269.179993,270.059998,85782500
2/4/2019,270.109985,272.029999,269.359985,271.959991,60744800
2/5/2019,272.440002,273.440002,271.880005,273.100006,79552800
2/6/2019,272.790009,273.339996,271.920013,272.73999,58347800
2/7/2019,270.940002,271.549988,268.290009,270.140015,95482000
2/8/2019,268.75,270.579987,267.829987,270.470001,75788900
2/11/2019,271.200012,271.48999,270.029999,270.619995,68021400
2/12/2019,272.420013,274.519989,272.339996,274.100006,72270200
2/13/2019,275.029999,275.929993,274.559998,274.98999,65277200
2/14/2019,273.779999,275.640015,272.869995,274.380005,83234400
2/15/2019,276.359985,277.410004,276.130005,277.369995,97088700
2/19/2019,276.480011,278.579987,276.470001,277.850006,59120800
2/20/2019,277.809998,278.920013,277.25,278.410004,76610800
2/21/2019,277.700012,278.100006,276.350006,277.420013,64214700
2/22/2019,278.109985,279.359985,277.399994,279.140015,78114600
2/25/2019,280.730011,281.309998,279.429993,279.519989,69030700
2/26/2019,279.130005,280.299988,278.899994,279.320007,56844100
2/27/2019,278.519989,279.589996,277.480011,279.200012,56921600
2/28/2019,278.959991,279.450012,278.320007,278.679993,69268300
3/1/2019,280.440002,280.880005,278.820007,280.420013,78880500
3/4/2019,281.600006,281.869995,276.839996,279.399994,106494600
3/5/2019,279.540009,279.76001,278.410004,279.019989,59114600
3/6/2019,279.149994,279.160004,276.970001,277.329987,75039800
3/7/2019,276.829987,276.98999,274.070007,275.01001,94885100
3/8/2019,272.940002,274.649994,272.420013,274.459991,85795800
3/11/2019,275.26001,278.619995,275.230011,278.440002,65098900
3/12/2019,279.059998,280.070007,278.850006,279.48999,79667500
3/13/2019,280.480011,282.380005,280.299988,281.339996,80639200
3/14/2019,281.369995,281.839996,280.670013,281.160004,67518400
3/15/2019,280.540009,282.209991,280.329987,281.309998,81309000
3/18/2019,281.549988,282.660004,281.299988,282.329987,62199800
3/19/2019,283.51001,284.359985,281.410004,282.399994,90268100
3/20/2019,282.160004,283.5,280.320007,281.549988,84609200
3/21/2019,280.640015,285.179993,280.589996,284.730011,79550400
3/22/2019,283.220001,283.799988,279.179993,279.25,122659300
3/25/2019,278.869995,280.190002,277.640015,279.040009,85575200
3/26/2019,280.98999,282.179993,279.559998,281.119995,68125900
3/27/2019,281.109985,281.76001,277.929993,279.649994,72224700
3/28/2019,280.350006,281.209991,279.070007,280.709991,56238500
3/29/2019,282.390015,282.839996,281.140015,282.480011,82186800
4/1/2019,284.700012,286.160004,284.399994,285.829987,77617900
4/2/2019,286.040009,286.230011,285.089996,285.970001,40070400
4/3/2019,287.320007,287.76001,285.75,286.420013,68243200
4/4/2019,286.779999,287.459991,286.01001,287.179993,48997500
4/5/2019,287.920013,288.630005,287.600006,288.570007,58621700
4/8/2019,288.100006,288.910004,287.369995,288.790009,53566300
4/9/2019,287.720001,288.079987,286.700012,287.309998,66142300
4/10/2019,287.769989,288.390015,287.309998,288.290009,52601500
4/11/2019,288.829987,288.839996,287.579987,288.209991,55093100
4/12/2019,290,290.470001,288.26001,290.160004,69727800
4/15/2019,290.23999,290.350006,289.079987,289.970001,49596700
4/16/2019,290.950012,291.01001,289.5,290.160004,52153200
4/17/2019,291.399994,291.429993,288.98999,289.450012,58268300
4/18/2019,290.100006,290.320007,288.660004,290.019989,68708500
4/22/2019,289.170013,290.440002,289.070007,290.269989,40160100
4/23/2019,290.679993,293.140015,290.420013,292.880005,52246600
4/24/2019,292.790009,293.160004,292.070007,292.230011,50392900
4/25/2019,292.119995,292.779999,290.730011,292.049988,57770900
4/26/2019,292.100006,293.48999,291.23999,293.410004,50916400
4/29/2019,293.51001,294.450012,293.410004,293.869995,57197700
4/30/2019,293.48999,294.339996,291.920013,294.019989,81111700
5/1/2019,294.720001,294.950012,291.799988,291.809998,71671900
5/2/2019,291.679993,292.700012,289.519989,291.179993,65030200
5/3/2019,292.820007,294.339996,291.299988,294.029999,56543700
5/6/2019,289.25,293.309998,288.899994,292.820007,107198100
5/7/2019,290.149994,290.809998,285.809998,287.929993,144729900
5/8/2019,287.529999,289.429993,286.869995,287.529999,91568300
5/9/2019,285.230011,287.329987,283.299988,286.660004,103471100
5/10/2019,285.619995,288.940002,282.299988,288.100006,112429300
5/13/2019,282.420013,283.48999,279.929993,280.859985,127290500
5/14/2019,281.98999,285.100006,281.850006,283.399994,77003200
5/15/2019,281.589996,285.769989,281.359985,285.059998,73956400
5/16/2019,285.839996,289.209991,285.76001,287.700012,76749600
5/17/2019,285.140015,288.600006,285.119995,285.839996,100353000
5/20/2019,284.059998,285.959991,283.119995,283.950012,62877600
5/21/2019,285.829987,286.929993,285.549988,286.51001,46847100
5/22/2019,285.450012,286.690002,285.100006,285.630005,49482500
5/23/2019,283.160004,283.209991,280.570007,282.140015,98733800
5/24/2019,283.73999,284.200012,282.089996,282.779999,55268100
5/28/2019,283.089996,284.149994,280.130005,280.149994,70029400
5/29/2019,278.910004,279.359985,276.709991,278.269989,104972900
5/30/2019,279.109985,280.040009,277.809998,279.029999,62523800
5/31/2019,276.200012,277.119995,275.23999,275.269989,86862800
6/3/2019,275.309998,276.549988,273.089996,274.570007,96428000
6/4/2019,277.119995,280.679993,276.619995,280.529999,77231900
6/5/2019,282.329987,282.98999,280.320007,282.959991,71169700
6/6/2019,283.290009,285.549988,282.570007,284.799988,69430400
6/7/2019,285.929993,288.850006,285.73999,287.649994,74272200
6/10/2019,289.369995,290.820007,288.869995,288.970001,60799100
6/11/2019,290.98999,291.399994,288.179993,288.899994,58641300
6/12/2019,288.640015,289.26001,287.820007,288.390015,46984700
6/13/2019,289.399994,289.980011,288.619995,289.579987,48945200
6/14/2019,289.26001,289.929993,288.410004,289.26001,52324700
6/17/2019,289.519989,290.220001,289.179993,289.369995,39205700
6/18/2019,291.390015,293.570007,290.98999,292.399994,85434800
6/19/2019,292.549988,293.649994,291.470001,293.059998,78674400
6/20/2019,296.040009,296.309998,293.130005,295.859985,116570000
6/21/2019,294.130005,295.519989,293.76001,294,83309500
6/24/2019,294.230011,294.579987,293.470001,293.640015,47582700
6/25/2019,293.700012,293.730011,290.640015,290.76001,82028700
6/26/2019,291.75,292.309998,290.350006,290.470001,51584900
6/27/2019,291.309998,292.059998,290.890015,291.5,40355200
6/28/2019,292.579987,293.549988,292.01001,293,59350900
7/1/2019,296.679993,296.920013,294.329987,295.660004,79107500
7/2/2019,295.609985,296.48999,294.679993,296.429993,61504500
7/3/2019,297.179993,298.820007,297.019989,298.799988,40898900
7/5/2019,297.440002,298.640015,296.01001,298.459991,51677300
7/8/2019,297.01001,298.26001,296.220001,296.820007,45841800
7/9/2019,295.540009,297.519989,295.480011,297.190002,41101300
7/10/2019,298.369995,299.660004,297.779999,298.609985,58448500
7/11/2019,299.320007,299.579987,298.200012,299.309998,50826100
7/12/2019,299.850006,300.730011,299.51001,300.649994,40326000
7/15/2019,301.130005,301.130005,300.190002,300.75,33900000
7/16/2019,300.649994,300.880005,299.440002,299.779999,36650100
7/17/2019,299.75,299.929993,297.73999,297.73999,36036300
7/18/2019,297.190002,299.25,296.700012,298.829987,51392600
7/19/2019,300.040009,300.070007,296.980011,297.170013,58678600
7/22/2019,297.609985,298.5,297.040009,297.899994,43638100
7/23/2019,299.140015,300.029999,298.220001,300.029999,44564500
7/24/2019,299.190002,301.440002,299.089996,301.440002,47213200
7/25/2019,300.940002,301,299.109985,300,55394100
7/26/2019,300.76001,302.230011,300.619995,302.01001,45084100
7/29/2019,301.880005,302.01001,300.850006,301.459991,38126500
7/30/2019,299.910004,301.170013,299.48999,300.720001,45849000
7/31/2019,300.98999,301.200012,295.200012,297.429993,104245200
8/1/2019,297.600006,300.869995,293.959991,294.839996,142646600
8/2/2019,293.850006,294.119995,290.899994,292.619995,116749700
8/5/2019,288.089996,288.209991,281.720001,283.820007,178745400
8/6/2019,285.910004,288.040009,284.279999,287.799988,120711700
8/7/2019,284.399994,288.820007,282.040009,287.970001,140572300
8/8/2019,289.619995,293.619995,289.01001,293.619995,87713900
8/9/2019,292.579987,293.23999,289.649994,291.619995,93730000
8/12/2019,289.959991,291.609985,287.019989,288.070007,62629500
8/13/2019,287.73999,294.149994,287.359985,292.549988,94299800
8/14/2019,288.070007,288.73999,283.76001,283.899994,135622100
8/15/2019,284.880005,285.640015,282.390015,284.649994,99556600
8/16/2019,286.480011,289.329987,284.709991,288.850006,83018300
8/19/2019,292.190002,293.079987,291.440002,292.329987,53571800
8/20/2019,291.769989,292.359985,289.950012,290.089996,51596400
8/21/2019,292.480011,292.859985,291.720001,292.450012,49524700
8/22/2019,293.230011,293.929993,290.399994,292.359985,51666400
8/23/2019,290.920013,292.76001,283.470001,284.850006,149161500
8/26/2019,287.269989,288,285.579987,288,72423800
8/27/2019,289.540009,289.950012,286.029999,286.869995,66668900
8/28/2019,286.140015,289.070007,285.25,288.890015,59696700
8/29/2019,291.720001,293.160004,290.609985,292.579987,57899400
8/30/2019,294.220001,294.23999,291.420013,292.450012,62901200
9/3/2019,290.570007,291.579987,289.269989,290.73999,69101400
9/4/2019,293.140015,294.059998,292.309998,294.040009,46887300
9/5/2019,296.790009,298.829987,294,297.820007,83258100
9/6/2019,298.170013,298.76001,297.420013,298.049988,49584300
9/9/2019,299.140015,299.23999,297.160004,298.200012,51260300
9/10/2019,297.359985,298.200012,295.970001,298.130005,57947100
9/11/2019,298.470001,300.339996,297.75,300.25,68821100
9/12/2019,301.25,302.459991,300.410004,301.290009,72908700
9/13/2019,301.779999,302.170013,300.679993,301.089996,62104800
9/16/2019,299.839996,301.140015,299.450012,300.160004,58191200
9/17/2019,299.940002,301.019989,299.75,300.920013,41475500
9/18/2019,300.48999,301.220001,298.23999,301.100006,73375800
9/19/2019,301.529999,302.630005,300.709991,301.079987,76560500
9/20/2019,300.359985,300.670013,297.410004,298.279999,89565000
9/23/2019,297.549988,299,297.269989,298.209991,43476800
9/24/2019,299.410004,299.839996,294.809998,295.869995,94869400
9/25/2019,295.959991,298.109985,294.329987,297.619995,71854000
9/26/2019,297.630005,297.859985,295.450012,297,56179700
9/27/2019,297.829987,297.950012,293.690002,295.399994,84746600
9/30/2019,295.970001,297.549988,295.920013,296.769989,51662400
10/1/2019,297.73999,298.459991,293,293.23999,88242400
10/2/2019,291.5,291.51001,286.640015,288.059998,122539500
10/3/2019,287.809998,290.450012,284.820007,290.420013,85278800
10/4/2019,291.140015,294.630005,291.079987,294.350006,65091200
10/7/2019,293.470001,295.26001,292.769989,293.079987,59610500
10/8/2019,291.040009,291.850006,288.48999,288.529999,95708100
10/9/2019,290.75,292.299988,290.059998,291.269989,62359400
10/10/2019,291.179993,294.209991,291,293.23999,55296300
10/11/2019,296.269989,298.73999,296.140015,296.279999,98720400
10/14/2019,295.929993,296.670013,295.570007,295.950012,40394800
10/15/2019,297.100006,299.700012,296.970001,298.880005,46754500
10/16/2019,298.369995,299.160004,297.920013,298.399994,48928200
10/17/2019,299.679993,300.23999,298.519989,299.279999,45736600
10/18/2019,298.690002,299.399994,297.029999,297.970001,64304000
10/21/2019,299.420013,300.209991,298.940002,299.98999,39048600
10/22/2019,300.579987,300.899994,298.910004,299.01001,48594700
10/23/2019,298.730011,299.940002,298.5,299.880005,34352200
10/24/2019,300.910004,301.070007,299.459991,300.369995,35453100
10/25/2019,299.73999,302.200012,299.679993,301.600006,45205400
10/28/2019,302.940002,303.850006,302.910004,303.299988,42147000
10/29/2019,303,304.230011,302.859985,303.209991,44284900
10/30/2019,303.429993,304.549988,301.98999,304.140015,49643900
10/31/2019,304.130005,304.130005,301.730011,303.329987,69053800
11/1/2019,304.920013,306.190002,304.73999,306.140015,71141500
11/4/2019,307.850006,308,306.959991,307.369995,60606900
11/5/2019,307.589996,307.920013,306.709991,307.029999,42933200
11/6/2019,307.029999,307.399994,306.059998,307.100006,46487100
11/7/2019,308.570007,309.649994,307.660004,308.179993,54272300
11/8/2019,307.799988,309,307.029999,308.940002,49032100
11/11/2019,307.420013,308.540009,307.269989,308.350006,35797300
11/12/2019,308.75,309.98999,308.149994,309,46484600
11/13/2019,307.910004,309.540009,307.660004,309.100006,53917700
11/14/2019,308.790009,309.640015,308.089996,309.549988,51219900
11/15/2019,311.019989,311.839996,310.26001,311.790009,62023600
11/18/2019,311.529999,312.279999,311.029999,312.019989,49228000
11/19/2019,312.679993,312.690002,311.220001,311.929993,67804700
11/20/2019,311.279999,311.850006,309.059998,310.769989,79406200
11/21/2019,310.890015,311.01001,309.390015,310.269989,54664700
11/22/2019,311.089996,311.23999,309.850006,310.959991,44850200
11/25/2019,311.980011,313.369995,311.980011,313.369995,48647200
11/26/2019,313.410004,314.279999,313.059998,314.079987,37569000
11/27/2019,314.609985,315.480011,314.369995,315.480011,44444600
11/29/2019,314.859985,315.130005,314.059998,314.309998,36592700
12/2/2019,314.589996,314.660004,311.170013,311.640015,75767800
12/3/2019,308.649994,309.640015,307.130005,309.549988,73941700
12/4/2019,310.700012,312.119995,310.320007,311.459991,49080000
12/5/2019,312.230011,312.25,310.579987,312.019989,40709000
12/6/2019,314.119995,315.309998,314.109985,314.869995,48927000
12/9/2019,314.440002,315.179993,313.799988,313.880005,34838500
12/10/2019,313.820007,314.549988,312.809998,313.529999,52649800
12/11/2019,314.029999,314.700012,313.440002,314.420013,53429100
12/12/2019,314.429993,317.98999,314.170013,317.130005,96389600
12/13/2019,316.869995,318.670013,316.019989,317.320007,81503900
12/16/2019,319.220001,320.149994,317.25,319.5,82749700
12/17/2019,319.920013,320.25,319.480011,319.570007,61097700
12/18/2019,320,320.25,319.529999,319.589996,48133000
12/19/2019,319.799988,320.980011,319.519989,320.899994,85310500
12/20/2019,320.459991,321.970001,319.390015,320.730011,147142100
12/23/2019,321.589996,321.649994,321.059998,321.220001,52990000
12/24/2019,321.470001,321.519989,320.899994,321.230011,20270000
12/26/2019,321.649994,322.950012,321.640015,322.940002,30911200
12/27/2019,323.73999,323.799988,322.279999,322.859985,42528800
12/30/2019,322.950012,323.100006,320.549988,321.079987,49729100
12/31/2019,320.529999,322.130005,320.149994,321.859985,57077300
1/2/2020,323.540009,324.890015,322.529999,324.869995,59151200
1/3/2020,321.160004,323.640015,321.100006,322.410004,77709700
1/6/2020,320.48999,323.730011,320.359985,323.640015,55653900
1/7/2020,323.019989,323.540009,322.23999,322.730011,40496400
1/8/2020,322.940002,325.779999,322.670013,324.450012,68296000
1/9/2020,326.160004,326.730011,325.519989,326.649994,48473300
1/10/2020,327.290009,327.459991,325.200012,325.709991,53029300
1/13/2020,326.390015,327.959991,325.920013,327.950012,47086800
1/14/2020,327.470001,328.619995,326.839996,327.450012,62832800
1/15/2020,327.350006,329.019989,327.26001,328.190002,72056600
1/16/2020,329.700012,330.920013,329.450012,330.920013,54050300
1/17/2020,331.700012,332.179993,330.850006,331.950012,95846000
1/21/2020,330.899994,332.179993,330.820007,331.299988,77742400
1/22/2020,332.23999,332.950012,331.170013,331.339996,48914900
1/23/2020,330.630005,332.170013,329.410004,331.720001,51963000
1/24/2020,332.440002,332.529999,327.359985,328.769989,87578400
1/27/2020,323.029999,325.119995,322.660004,323.5,84062500
1/28/2020,325.059998,327.850006,323.600006,326.890015,63834000
1/29/2020,328.380005,328.630005,326.399994,326.619995,53888900
1/30/2020,324.359985,327.910004,323.540009,327.679993,75491800
1/31/2020,327,327.170013,320.730011,321.730011,113845600
2/3/2020,323.350006,326.160004,323.220001,324.119995,69242300
2/4/2020,328.070007,330.01001,327.720001,329.059998,62573200
2/5/2020,332.269989,333.089996,330.670013,332.859985,65951100
2/6/2020,333.910004,334.190002,332.799988,333.980011,50359700
2/7/2020,332.820007,333.98999,331.600006,332.200012,64139400
2/10/2020,331.230011,334.75,331.190002,334.679993,42070000
2/11/2020,336.160004,337.019989,334.679993,335.26001,54864500
2/12/2020,336.829987,337.649994,336.429993,337.420013,43992700
2/13/2020,335.859985,338.119995,335.559998,337.059998,54501900
2/14/2020,337.51001,337.730011,336.200012,337.600006,64582200
2/18/2020,336.51001,337.670013,335.209991,336.730011,57226200
2/19/2020,337.790009,339.079987,337.480011,338.339996,48814700
2/20/2020,337.73999,338.640015,333.679993,336.950012,74163400
2/21/2020,335.470001,335.809998,332.579987,333.480011,113788200
2/24/2020,323.140015,333.559998,321.23999,322.420013,161088400
2/25/2020,323.940002,324.609985,311.690002,312.649994,218913200
2/26/2020,314.179993,318.109985,310.700012,311.5,194773800
2/27/2020,305.459991,311.559998,297.51001,297.51001,284353500
2/28/2020,288.700012,297.890015,285.540009,296.26001,385764000
3/2/2020,298.209991,309.160004,294.459991,309.089996,238703600
3/3/2020,309.5,313.839996,297.570007,300.23999,300139100
3/4/2020,306.119995,313.100006,303.329987,312.859985,176613400
3/5/2020,304.980011,308.470001,300.01001,302.459991,186366800
3/6/2020,293.149994,298.779999,290.230011,297.459991,228667200
3/9/2020,275.299988,284.190002,273.450012,274.230011,309417300
3/10/2020,284.640015,288.519989,273.5,288.420013,276444100
3/11/2020,280.700012,281.940002,270.880005,274.359985,255316300
3/12/2020,256,266.660004,247.679993,248.110001,392220700
3/13/2020,263.089996,271.480011,248.520004,269.320007,329566100
3/16/2020,241.179993,256.899994,237.360001,239.850006,297240000
3/17/2020,245.039993,256.170013,237.070007,252.800003,262070500
3/18/2020,236.25,248.369995,228.020004,240,327597100
3/19/2020,239.25,247.380005,232.220001,240.509995,289322000
3/20/2020,242.529999,244.470001,228.5,228.800003,347158800
3/23/2020,228.190002,229.679993,218.259995,222.949997,326025200
3/24/2020,234.419998,244.100006,233.800003,243.149994,235494500
3/25/2020,244.869995,256.350006,239.75,246.789993,299430300
3/26/2020,249.520004,262.799988,249.050003,261.200012,257632800
3/27/2020,253.270004,260.809998,251.050003,253.419998,224341200
3/30/2020,255.699997,262.429993,253.529999,261.649994,171369500
3/31/2020,260.559998,263.329987,256.220001,257.75,194881100
4/1/2020,247.979996,257.660004,243.899994,246.149994,189554600
4/2/2020,245.190002,252.679993,244.589996,251.830002,177660400
4/3/2020,250.759995,253.320007,245.220001,248.190002,135561200
4/6/2020,257.839996,267,248.169998,264.859985,188061200
4/7/2020,274.209991,275.029999,264.890015,265.130005,201427200
4/8/2020,267.959991,276,265.25,274.029999,153774500
4/9/2020,277.579987,281.200012,275.470001,278.200012,190282700
4/13/2020,277.140015,277.51001,271.410004,275.660004,114839100
4/14/2020,280.980011,284.899994,275.51001,283.790009,134143400
4/15/2020,277.570007,283.940002,275.459991,277.76001,121775000
4/16/2020,279.149994,280.029999,275.76001,279.100006,131798300
4/17/2020,285.380005,287.299988,282.399994,286.640015,146684800
4/20/2020,282.609985,286.790009,281.350006,281.589996,100109300
4/21/2020,276.730011,278.040009,272.019989,273.040009,126385700
4/22/2020,278.350006,281,276.910004,279.100006,93524600
4/23/2020,280.48999,283.940002,278.75,279.079987,104709700
4/24/2020,280.730011,283.700012,278.5,282.970001,85166000
4/27/2020,285.119995,288.269989,284.619995,287.049988,77896600
4/28/2020,291.019989,291.399994,285.399994,285.730011,105270000
4/29/2020,291.529999,294.880005,290.410004,293.209991,118745600
4/30/2020,291.709991,293.320007,288.589996,290.480011,122901700
5/1/2020,285.309998,290.660004,281.519989,282.790009,125180000
5/4/2020,280.73999,283.899994,279.130005,283.570007,80873200
5/5/2020,286.640015,289.25,283.709991,286.190002,79569900
5/6/2020,288.040009,288.459991,283.779999,284.25,73632600
5/7/2020,287.75,289.779999,287.130005,287.679993,75250400
5/8/2020,291.089996,292.950012,289.859985,292.440002,76622100
5/11/2020,290.339996,294,289.880005,292.5,79514200
5/12/2020,293.790009,294.23999,286.519989,286.670013,95870800
5/13/2020,286.059998,287.190002,278.959991,281.600006,144721100
5/14/2020,278.950012,285.109985,272.98999,284.970001,121977900
5/15/2020,282.369995,286.329987,281.339996,286.279999,111146300
5/18/2020,293.049988,296.75,292.700012,295,120320200
5/19/2020,294.350006,296.209991,291.950012,291.970001,95189300
5/20/2020,295.820007,297.869995,295.570007,296.929993,85861700
5/21/2020,296.790009,297.670013,293.690002,294.880005,78293900
5/22/2020,294.570007,295.630005,293.220001,295.440002,63958200
5/26/2020,301.929993,302.190002,295.459991,299.079987,88951400
5/27/2020,302.119995,303.570007,296.869995,303.529999,104817400
5/28/2020,304.649994,306.839996,302.23999,302.970001,90405200
5/29/2020,302.459991,304.959991,299.470001,304.320007,119265700
6/1/2020,303.619995,306.209991,303.059998,305.549988,55758300
6/2/2020,306.549988,308.130005,305.100006,308.079987,74267200
6/3/2020,310.23999,313.220001,309.940002,312.179993,92567600
6/4/2020,311.109985,313,309.079987,311.359985,75794400
6/5/2020,317.230011,321.269989,317.160004,319.339996,150524700
6/8/2020,320.220001,323.410004,319.630005,323.200012,73641200
6/9/2020,320.299988,323.279999,319.359985,320.790009,77479200
6/10/2020,321.420013,322.390015,318.220001,319,95000800
6/11/2020,311.459991,312.149994,300.01001,300.609985,209243600
6/12/2020,308.23999,309.079987,298.600006,304.209991,194529100
6/15/2020,298.019989,308.279999,296.73999,307.049988,135782700
6/16/2020,315.480011,315.640015,307.670013,312.959991,137627500
6/17/2020,314.070007,314.390015,310.859985,311.660004,82954600
6/18/2020,310.01001,312.299988,309.51001,311.779999,80828700
6/19/2020,314.170013,314.380005,306.529999,308.640015,135549600
6/22/2020,307.98999,311.049988,306.75,310.619995,74649400
6/23/2020,313.48999,314.5,311.609985,312.049988,68471200
6/24/2020,309.839996,310.51001,302.100006,304.089996,132813500
6/25/2020,303.470001,307.640015,301.279999,307.350006,89468000
6/26/2020,306.160004,306.390015,299.420013,300.049988,127961000
6/29/2020,301.410004,304.609985,298.929993,304.459991,79773300
6/30/2020,303.98999,310.200012,303.820007,308.359985,113394800
7/1/2020,309.570007,311.890015,309.070007,310.519989,72396500
7/2/2020,314.23999,315.700012,311.51001,312.230011,69344200
7/6/2020,316.369995,317.679993,315.559998,317.049988,61713800
7/7/2020,315.380005,317.519989,313.369995,313.779999,82910000
7/8/2020,314.609985,316.299988,312.700012,316.179993,54638600
7/9/2020,316.839996,317.100006,310.679993,314.380005,83354200
7/10/2020,314.309998,317.880005,312.76001,317.589996,57461900
7/13/2020,320.130005,322.709991,314.130005,314.839996,102997500
7/14/2020,313.299988,319.76001,312,318.920013,93657000
7/15/2020,322.410004,323.040009,319.269989,321.850006,87196500
7/16/2020,319.790009,321.279999,319.089996,320.790009,54622500
7/17/2020,321.880005,322.570007,319.73999,321.720001,62774900
7/20/2020,321.429993,325.130005,320.619995,324.320007,56308800
7/21/2020,326.450012,326.929993,323.940002,325.01001,57499000
7/22/2020,324.619995,327.200012,324.5,326.859985,57792900
7/23/2020,326.470001,327.230011,321.480011,322.959991,75738000
7/24/2020,320.950012,321.98999,319.25,320.880005,73766600
7/27/2020,321.630005,323.410004,320.769989,323.220001,48293000
7/28/2020,322.429993,323.640015,320.850006,321.170013,57495000
7/29/2020,322.119995,325.730011,322.079987,325.119995,48454200
7/30/2020,321.899994,324.410004,319.640015,323.959991,61861700
7/31/2020,325.899994,326.630005,321.329987,326.519989,85210800
8/3/2020,328.320007,329.619995,327.730011,328.790009,53077900
8/4/2020,327.859985,330.059998,327.859985,330.059998,41917900
8/5/2020,331.470001,332.390015,331.179993,332.109985,42866400
8/6/2020,331.480011,334.459991,331.130005,334.329987,43679400
8/7/2020,333.279999,334.880005,332.299988,334.570007,57265200
8/10/2020,335.059998,335.769989,332.959991,335.570007,44282100
8/11/2020,336.850006,337.540009,332.01001,332.799988,69601100
8/12/2020,335.440002,338.279999,335.410004,337.440002,53826100
8/13/2020,336.609985,338.25,335.829987,336.829987,41816100
8/14/2020,336.410004,337.420013,335.619995,336.839996,47260400
8/17/2020,337.940002,338.339996,336.850006,337.910004,35481000
8/18/2020,338.339996,339.100006,336.609985,338.640015,38733900
8/19/2020,339.049988,339.609985,336.619995,337.230011,68054200
8/20/2020,335.359985,338.799988,335.220001,338.279999,42207800
8/21/2020,337.920013,339.720001,337.549988,339.480011,55106600
8/24/2020,342.119995,343,339.450012,342.920013,48588700
8/25/2020,343.529999,344.209991,342.269989,344.119995,38463400
8/26/2020,344.76001,347.859985,344.170013,347.570007,50790200
8/27/2020,348.51001,349.899994,346.529999,348.329987,58034100
8/28/2020,349.440002,350.720001,348.149994,350.579987,48588900
8/31/2020,350.350006,351.299988,349.059998,349.309998,66099200
9/1/2020,350.209991,352.709991,349.23999,352.600006,54999300
9/2/2020,354.670013,358.75,353.429993,357.700012,69540000
9/3/2020,355.869995,356.380005,342.589996,345.390015,148011100
9/4/2020,346.130005,347.829987,334.869995,342.570007,139156300
9/8/2020,336.709991,342.640015,332.880005,333.209991,114465300
9/9/2020,337.549988,342.459991,336.609985,339.790009,91462300
9/10/2020,341.820007,342.529999,332.850006,333.890015,90569500
9/11/2020,335.820007,336.970001,331,334.059998,84680200
9/14/2020,337.48999,340.380005,334.220001,338.459991,65605700
9/15/2020,341.119995,342.019989,338.470001,340.170013,52920900
9/16/2020,341.51001,343.059998,338.519989,338.820007,82096000
9/17/2020,333.559998,337.700012,332.98999,335.839996,91523300
9/18/2020,335.369995,335.48999,327.970001,330.649994,105877900
9/21/2020,325.700012,327.130005,321.730011,326.970001,99450800
9/22/2020,328.570007,330.899994,325.859985,330.299988,63612100
9/23/2020,330.899994,331.200012,322.100006,322.640015,93112200
9/24/2020,321.220001,326.799988,319.799988,323.5,76681300
9/25/2020,322.579987,329.579987,321.640015,328.730011,71069400
9/28/2020,333.220001,334.959991,332.149994,334.190002,64584600
9/29/2020,333.970001,334.769989,331.619995,332.369995,51304000
9/30/2020,333.089996,338.290009,332.880005,334.890015,103653800
10/1/2020,337.690002,338.73999,335.01001,337.040009,88698700
10/2/2020,331.700012,337.01001,331.190002,333.839996,89431100
10/5/2020,336.059998,339.959991,336.01001,339.76001,45713100
10/6/2020,339.910004,342.170013,334.380005,334.929993,90128900
10/7/2020,338.119995,341.630005,338.089996,340.76001,56999600
10/8/2020,342.850006,343.850006,341.859985,343.779999,45242500
10/9/2020,345.559998,347.350006,344.890015,346.850006,59528600
10/12/2020,349.589996,354.019989,349.059998,352.429993,80388500
10/13/2020,352.279999,352.470001,349.089996,350.130005,73255500
10/14/2020,350.75,351.929993,347.140015,347.929993,57958700
10/15/2020,343.709991,348.019989,343.130005,347.5,60357700
10/16/2020,348.959991,350.75,347.100006,347.290009,89501900
10/19/2020,348.649994,349.329987,341.040009,342.01001,68425600
10/20/2020,343.459991,346.880005,342.640015,343.380005,60051900
10/21/2020,343.329987,345.670013,342.399994,342.730011,63575000
10/22/2020,342.959991,345.23999,340.649994,344.609985,55399300
10/23/2020,345.929993,345.98999,343.130005,345.779999,49143900
10/26/2020,342.130005,342.980011,335.619995,339.390015,91473000
10/27/2020,339.76001,340.119995,337.98999,338.220001,65994100
10/28/2020,332.100006,338.25,326.130005,326.660004,127094300
10/29/2020,326.910004,333.399994,325.089996,329.980011,90597700
10/30/2020,328.279999,329.690002,322.600006,326.540009,120287300
11/2/2020,330.200012,332.359985,327.23999,330.200012,86068300
11/3/2020,333.690002,338.25,330.290009,336.029999,93294200
11/4/2020,340.859985,347.940002,339.589996,343.540009,126959700
11/5/2020,349.23999,352.190002,348.859985,350.23999,82039700
11/6/2020,349.929993,351.51001,347.649994,350.160004,74973000
11/9/2020,363.970001,364.380005,354.059998,354.559998,172304200
11/10/2020,353.48999,355.179993,350.51001,354.040009,85552000
11/11/2020,356.399994,357.559998,355.059998,356.670013,58649000
11/12/2020,355.579987,356.720001,351.26001,353.209991,67546200
11/13/2020,355.269989,358.899994,354.709991,358.100006,62892200
11/16/2020,360.980011,362.779999,359.589996,362.570007,74541100
11/17/2020,359.970001,361.920013,358.339996,360.619995,66111000
11/18/2020,360.910004,361.5,356.23999,356.279999,70591300
11/19/2020,355.600006,358.179993,354.149994,357.779999,59940900
11/20/2020,357.5,357.720001,355.25,355.329987,70417300
11/23/2020,357.279999,358.820007,354.869995,357.459991,63230600
11/24/2020,360.209991,363.809998,359.290009,363.220001,62415900
11/25/2020,363.130005,363.160004,361.480011,362.660004,45330900
11/27/2020,363.839996,364.179993,362.579987,363.670013,28514100
11/30/2020,362.829987,363.119995,359.170013,362.059998,83872700
12/1/2020,365.570007,367.679993,364.929993,366.019989,74505000
12/2/2020,364.820007,366.959991,364.200012,366.790009,45927000
12/3/2020,366.679993,368.190002,365.5,366.690002,62882000
12/4/2020,367.320007,369.850006,367.220001,369.850006,50749900
12/7/2020,369.019989,369.619995,367.720001,369.089996,48944300
12/8/2020,367.720001,370.779999,367.670013,370.170013,42458900
12/9/2020,370.880005,371.049988,365.950012,366.850006,74098300
12/10/2020,365.369995,367.859985,364.429993,366.730011,57735400
12/11/2020,364.899994,366.73999,363.26001,366.299988,57698600
12/14/2020,368.640015,369.799988,364.470001,364.660004,69216200
12/15/2020,367.399994,369.589996,365.920013,369.589996,64071100
12/16/2020,369.820007,371.160004,368.869995,370.170013,58420500
12/17/2020,371.940002,372.459991,371.049988,372.23999,64119500
12/18/2020,370.970001,371.149994,367.019989,369.179993,136542300
12/21/2020,364.970001,378.459991,362.029999,367.859985,96386700
12/22/2020,368.209991,368.329987,366.029999,367.23999,47949000
12/23/2020,368.279999,369.619995,367.220001,367.570007,46201400
12/24/2020,368.079987,369.029999,367.450012,369,26457900
12/28/2020,371.73999,372.589996,371.070007,372.170013,39000400
12/29/2020,373.809998,374,370.829987,371.459991,53680500
12/30/2020,372.339996,373.100006,371.570007,371.98999,49455300
12/31/2020,371.779999,374.660004,371.230011,373.880005,78469000
1/4/2021,375.309998,375.450012,364.820007,368.790009,110210800
1/5/2021,368.100006,372.5,368.049988,371.329987,66426200
1/6/2021,369.709991,376.980011,369.119995,373.549988,107997700
1/7/2021,376.100006,379.899994,375.910004,379.100006,68766800
1/8/2021,380.589996,381.48999,377.100006,381.26001,71630100
